{"Ni2Fe98_0": [327.257133786671, 73.4244752115748, 126.943811557397, 183.002040899229, 101.987401902833], "Ni28Fe72_0": [393.032942925821, 89.1324990675793, 152.18708438898, 218.493841923965, 126.739501955326], "Ni25Fe75_0": [386.058442696353, 88.5096160317125, 150.486356973499, 213.086445396837, 123.836246750666], "Ni21Fe79_0": [384.438214295618, 86.1195401185658, 146.962004707796, 210.700922489343, 121.881739624765], "Ni42Fe58_0": [406.412770976999, 90.5418858255618, 159.1507937568, 222.064970369287, 131.19520411485]}