{"Ni2Fe98_0": [-240.650881591866], "Ni28Fe72_0": [-243.223835322841], "Ni25Fe75_0": [-242.925858573329], "Ni21Fe79_0": [-243.174037322157], "Ni42Fe58_0": [-242.249403388241]}